Part1,Part2
Board,of Elections
Economic,Development
Circuit,Court
Environmental,Protection
Community,Engagement Cluster
Finance,
Community Use,of Public Facilities
Fire,and Rescue
Consumer,Protection
General,Services
Correction,and Rehabilitation
Health,and Human Services
County Executives,Office
Housing,and Community Affairs
Human Resources,Management  
Information,Technology
Intergovernmental,Relations 
Legislative,Branch
Libraries,Montgomery County 
Management,of Information Systems
Office,of the County Attorney   
Office,of the County Clerk
Office,of the County Executive
Office,of Human Resources
Office,of Procurement   
Office,of the Sheriff
Office,of the State's Attorney      
Office,of the Inspector General
Office,of the Public Defender   
Office,of the Treasurer
Planning,Department
Police,Department
Public,Information
Public,Libraries    
Public,Works and Transportation
Recreation,Department       
Risk,Management
Solid,Waste Services    
Transportation,Department
Water,Quality Protection
Zoning,Administration
Animal,Services
Agriculture,Services
Arts and,Humanities
Cable,Television and Communications
Consumer,Protection
Economic,Development
Emergency,Management and Homeland Security
Environmental,Protection
Finance,Department
Fire,and Rescue Service
Health,and Human Services